Workbook

Sheet Requests
A1: Request ID | B1: Title | C1: Status | D1: Status Code | E1: Embargo Status | F1: Agency ID | G1: Agency Name | H1: Jurisdiction | I1: User ID | J1: Tracking ID | K1: Price | L1: Date Submitted | M1: Date Updated | N1: Date Done | O1: Days Open | P1: Days Since Update | Q1: MuckRock URL | R1: Tags | S1: Entity | T1: Kind | U1: Counterpart | V1: Auto Score | W1: Manual Score | X1: Effective | Y1: Exclude | Z1: Notes
A2: 200204 | B2: AI chat logs (Belmont Clerk) | C2: No Responsive Documents | D2: no_docs | E2: Public | F2: 43740 | G2: Belmont Clerk | H2: Belmont | I2: 114503 | K2: 0 | L2: 2025-12-18 17:11 | M2: 2026-01-09 20:29 | N2: 2026-01-09 20:29 | O2: 17 | Q2: https://www.muckrock.com/foi/belmont-3816/ai-chat-logs-belmont-clerk-200204/ | R2: transparent-nh | S2: Belmont | T2: town | U2: Shaker Regional School District/SAU80 | V2: 0 | X2: =IF(Y2=TRUE,"",IF(ISNUMBER(W2),W2,V2)) | Y2: FALSE
A3: 200201 | B3: AI chat logs (Berlin Clerk) | C3: No Responsive Documents | D3: no_docs | E3: Public | F3: 43743 | G3: Berlin Clerk | H3: Berlin | I3: 114503 | K3: 0 | L3: 2025-12-18 17:11 | M3: 2025-12-22 14:59 | N3: 2025-12-22 14:59 | O3: 3 | Q3: https://www.muckrock.com/foi/berlin-3819/ai-chat-logs-berlin-clerk-200201/ | R3: transparent-nh | S3: Berlin | T3: town | U3: Berlin School District/SAU 3 | V3: 0 | X3: =IF(Y3=TRUE,"",IF(ISNUMBER(W3),W3,V3)) | Y3: FALSE
A4: 200208 | B4: AI chat logs (Bow Clerk) | C4: No Responsive Documents | D4: no_docs | E4: Public | F4: 43753 | G4: Bow Clerk | H4: Bow | I4: 114503 | K4: 0 | L4: 2025-12-18 17:11 | M4: 2026-06-02 19:19 | N4: 2026-06-02 19:19 | O4: 119 | Q4: https://www.muckrock.com/foi/bow-3822/ai-chat-logs-bow-clerk-200208/ | R4: transparent-nh | S4: Bow | T4: town | U4: Bow School District/SAU67 | V4: 0 | X4: =IF(Y4=TRUE,"",IF(ISNUMBER(W4),W4,V4)) | Y4: FALSE
A5: 200200 | B5: AI chat logs (City Clerk) | C5: Awaiting Acknowledgement | D5: ack | E5: Public | F5: 17082 | G5: City Clerk | H5: Dover | I5: 114503 | K5: 0 | L5: 2025-12-18 17:11 | M5: 2026-07-15 05:00 | O5: 153 | P5: 4 | Q5: https://www.muckrock.com/foi/dover-3855/ai-chat-logs-city-clerk-200200/ | R5: transparent-nh | S5: Dover | T5: town | U5: Dover School District/SAU11 | V5: -5 | X5: =IF(Y5=TRUE,"",IF(ISNUMBER(W5),W5,V5)) | Y5: FALSE
A6: 200193 | B6: AI chat logs (City Clerk) | C6: Rejected | D6: rejected | E6: Public | F6: 17084 | G6: City Clerk | H6: Lebanon | I6: 114503 | K6: 0 | L6: 2025-12-18 17:11 | M6: 2025-12-22 21:48 | N6: 2025-12-22 21:48 | O6: 3 | Q6: https://www.muckrock.com/foi/lebanon-3917/ai-chat-logs-city-clerk-200193/ | R6: transparent-nh | S6: Lebanon | T6: town | U6: Lebanon School District/SAU88 | V6: -4 | X6: =IF(Y6=TRUE,"",IF(ISNUMBER(W6),W6,V6)) | Y6: FALSE
A7: 200197 | B7: AI chat logs (City Clerk's Office) | C7: No Responsive Documents | D7: no_docs | E7: Public | F7: 4246 | G7: City Clerk's Office | H7: Keene | I7: 114503 | J7: RTK-2025-133 | K7: 0 | L7: 2025-12-18 17:11 | M7: 2026-01-19 17:23 | N7: 2026-01-19 17:23 | O7: 23 | Q7: https://www.muckrock.com/foi/keene-3910/ai-chat-logs-city-clerks-office-200197/ | R7: transparent-nh | S7: Keene | T7: town | U7: Keene School District/SAU29 | V7: 0 | X7: =IF(Y7=TRUE,"",IF(ISNUMBER(W7),W7,V7)) | Y7: FALSE
A8: 200195 | B8: AI chat logs (Claremont Clerk) | C8: No Responsive Documents | D8: no_docs | E8: Public | F8: 43744 | G8: Claremont Clerk | H8: Claremont | I8: 114503 | K8: 0 | L8: 2025-12-18 17:11 | M8: 2026-06-15 13:09 | N8: 2026-06-15 13:09 | O8: 128 | Q8: https://www.muckrock.com/foi/claremont-3840/ai-chat-logs-claremont-clerk-200195/ | R8: transparent-nh, nh-citizen | S8: Claremont | T8: town | U8: Claremont School District/SAU6 | V8: 0 | X8: =IF(Y8=TRUE,"",IF(ISNUMBER(W8),W8,V8)) | Y8: FALSE
A9: 200199 | B9: AI chat logs (Concord City Clerk) | C9: No Responsive Documents | D9: no_docs | E9: Public | F9: 11759 | G9: Concord City Clerk | H9: Concord | I9: 114503 | K9: 0.25 | L9: 2025-12-18 17:11 | M9: 2026-02-17 16:20 | N9: 2026-02-17 16:20 | O9: 44 | Q9: https://www.muckrock.com/foi/concord-3844/ai-chat-logs-concord-city-clerk-200199/ | R9: transparent-nh, nh-citizen | S9: Concord | T9: town | U9: Concord School District/SAU8 | V9: 0 | X9: =IF(Y9=TRUE,"",IF(ISNUMBER(W9),W9,V9)) | Y9: FALSE
A10: 200206 | B10: AI chat logs (Derry Clerk) | C10: No Responsive Documents | D10: no_docs | E10: Public | F10: 43755 | G10: Derry Clerk | H10: Derry | I10: 114503 | K10: 0 | L10: 2025-12-18 17:11 | M10: 2025-12-22 21:11 | N10: 2025-12-22 21:11 | O10: 3 | Q10: https://www.muckrock.com/foi/derry-3853/ai-chat-logs-derry-clerk-200206/ | R10: transparent-nh | S10: Derry | T10: town | U10: Derry Cooperative School District/SAU10 | V10: 0 | X10: =IF(Y10=TRUE,"",IF(ISNUMBER(W10),W10,V10)) | Y10: FALSE
A11: 211332 | B11: AI chat logs (Franklin Clerk) | C11: Partially Completed | D11: partial | E11: Public | F11: 43745 | G11: Franklin Clerk | H11: Franklin | I11: 23852 | K11: 16.04 | L11: 2026-05-15 12:31 | M11: 2026-06-03 21:18 | O11: 47 | P11: 34 | Q11: https://www.muckrock.com/foi/franklin-3874/ai-chat-logs-franklin-clerk-211332/ | R11: transparent-nh, nh-inperson | S11: Franklin | T11: town | U11: Franklin School District/SAU18 | X11: =IF(Y11=TRUE,"",IF(ISNUMBER(W11),W11,V11)) | Y11: FALSE
A12: 200209 | B12: AI chat logs (Gorham Clerk) | C12: No Responsive Documents | D12: no_docs | E12: Public | F12: 43752 | G12: Gorham Clerk | H12: Gorham | I12: 114503 | K12: 0 | L12: 2025-12-18 17:11 | M12: 2025-12-24 13:42 | N12: 2025-12-24 13:42 | O12: 5 | Q12: https://www.muckrock.com/foi/gorham-3881/ai-chat-logs-gorham-clerk-200209/ | R12: transparent-nh | S12: Gorham | T12: town | U12: Gorham School District/SAU20 | V12: 0 | X12: =IF(Y12=TRUE,"",IF(ISNUMBER(W12),W12,V12)) | Y12: FALSE
A13: 200210 | B13: AI chat logs (Hanover Clerk) | C13: No Responsive Documents | D13: no_docs | E13: Public | F13: 43751 | G13: Hanover Clerk | H13: Hanover | I13: 114503 | K13: 0 | L13: 2025-12-18 17:11 | M13: 2025-12-23 14:35 | N13: 2025-12-23 14:35 | O13: 4 | Q13: https://www.muckrock.com/foi/hanover-3893/ai-chat-logs-hanover-clerk-200210/ | R13: transparent-nh | S13: Hanover | T13: town | U13: Interstate School District/SAU70 | V13: 0 | X13: =IF(Y13=TRUE,"",IF(ISNUMBER(W13),W13,V13)) | Y13: FALSE
A14: 200207 | B14: AI chat logs (Hopkinton Clerk) | C14: No Responsive Documents | D14: no_docs | E14: Public | F14: 43754 | G14: Hopkinton Clerk | H14: Hopkinton | I14: 114503 | K14: 0 | L14: 2025-12-18 17:11 | M14: 2025-12-31 16:27 | N14: 2025-12-31 16:27 | O14: 10 | Q14: https://www.muckrock.com/foi/hopkinton-3905/ai-chat-logs-hopkinton-clerk-200207/ | R14: transparent-nh | S14: Hopkinton | T14: town | U14: Hopkinton School District/SAU66 | V14: 0 | X14: =IF(Y14=TRUE,"",IF(ISNUMBER(W14),W14,V14)) | Y14: FALSE
A15: 200194 | B15: AI chat logs (Laconia Clerk) | C15: No Responsive Documents | D15: no_docs | E15: Public | F15: 43746 | G15: Laconia Clerk | H15: Laconia | I15: 114503 | K15: 0 | L15: 2025-12-18 17:11 | M15: 2025-12-22 20:56 | N15: 2025-12-22 20:56 | O15: 3 | Q15: https://www.muckrock.com/foi/laconia-3913/ai-chat-logs-laconia-clerk-200194/ | R15: transparent-nh | S15: Laconia | T15: town | U15: Laconia School District/SAU30 | V15: 0 | X15: =IF(Y15=TRUE,"",IF(ISNUMBER(W15),W15,V15)) | Y15: FALSE
A16: 200198 | B16: AI chat logs (Manchester City Clerk) | C16: No Responsive Documents | D16: no_docs | E16: Public | F16: 8901 | G16: Manchester City Clerk | H16: Manchester | I16: 114503 | K16: 0 | L16: 2025-12-18 17:11 | M16: 2026-02-04 21:45 | N16: 2026-02-04 21:45 | O16: 35 | Q16: https://www.muckrock.com/foi/manchester-3931/ai-chat-logs-manchester-city-clerk-200198/ | R16: transparent-nh | S16: Manchester | T16: town | U16: Manchester School District/SAU37 | V16: 0 | X16: =IF(Y16=TRUE,"",IF(ISNUMBER(W16),W16,V16)) | Y16: FALSE
A17: 200192 | B17: AI chat logs (Nashua City Clerk) | C17: No Responsive Documents | D17: no_docs | E17: Public | F17: 11758 | G17: Nashua City Clerk | H17: Nashua | I17: 114503 | K17: 0 | L17: 2025-12-18 17:11 | M17: 2026-01-06 16:51 | N17: 2026-01-06 16:51 | O17: 14 | Q17: https://www.muckrock.com/foi/nashua-3944/ai-chat-logs-nashua-city-clerk-200192/ | R17: transparent-nh | S17: Nashua | T17: town | U17: Nashua School District/SAU 42 | V17: 0 | X17: =IF(Y17=TRUE,"",IF(ISNUMBER(W17),W17,V17)) | Y17: FALSE
A18: 200211 | B18: AI chat logs (Peterborough Clerk) | C18: No Responsive Documents | D18: no_docs | E18: Public | F18: 43750 | G18: Peterborough Clerk | H18: Peterborough | I18: 114503 | K18: 0 | L18: 2025-12-18 17:11 | M18: 2026-01-12 15:38 | N18: 2026-01-12 15:38 | O18: 18 | Q18: https://www.muckrock.com/foi/peterborough-3968/ai-chat-logs-peterborough-clerk-200211/ | R18: transparent-nh | S18: Peterborough | T18: town | U18: Contoocook Valley School District/SAU1 | V18: 0 | X18: =IF(Y18=TRUE,"",IF(ISNUMBER(W18),W18,V18)) | Y18: FALSE
A19: 200196 | B19: AI chat logs (Portsmouth Clerk) | C19: Partially Completed | D19: partial | E19: Public | F19: 43676 | G19: Portsmouth Clerk | H19: Portsmouth | I19: 114503 | J19: RTK-2025-0000165 | K19: 8.5 | L19: 2025-12-18 17:11 | M19: 2026-02-17 22:19 | N19: 2026-01-06 21:46 | O19: 14 | Q19: https://www.muckrock.com/foi/portsmouth-3975/ai-chat-logs-portsmouth-clerk-200196/ | R19: transparent-nh, nh-inperson | S19: Portsmouth | T19: town | U19: Portsmouth School District/SAU52 | X19: =IF(Y19=TRUE,"",IF(ISNUMBER(W19),W19,V19)) | Y19: FALSE
A20: 200191 | B20: AI chat logs (Rochester Clerk) | C20: No Responsive Documents | D20: no_docs | E20: Public | F20: 43749 | G20: Rochester Clerk | H20: Rochester | I20: 114503 | K20: 0 | L20: 2025-12-18 17:11 | M20: 2025-12-23 18:51 | N20: 2025-12-23 18:51 | O20: 4 | Q20: https://www.muckrock.com/foi/rochester-3980/ai-chat-logs-rochester-clerk-200191/ | R20: transparent-nh, nh-citizen | S20: Rochester | T20: town | U20: Rochester School District/SAU54 | V20: 0 | X20: =IF(Y20=TRUE,"",IF(ISNUMBER(W20),W20,V20)) | Y20: FALSE
A21: 200203 | B21: AI chat logs (Salem Clerk) | C21: No Responsive Documents | D21: no_docs | E21: Public | F21: 43741 | G21: Salem Clerk | H21: Salem | I21: 114503 | K21: 0 | L21: 2025-12-18 17:11 | M21: 2026-05-29 19:08 | N21: 2026-05-29 19:08 | O21: 117 | Q21: https://www.muckrock.com/foi/salem-3985/ai-chat-logs-salem-clerk-200203/ | R21: transparent-nh, nh-citizen | S21: Salem | T21: town | U21: Salem School District/SAU57 | V21: 0 | X21: =IF(Y21=TRUE,"",IF(ISNUMBER(W21),W21,V21)) | Y21: FALSE
A22: 200205 | B22: AI chat logs (Somersworth Clerk) | C22: No Responsive Documents | D22: no_docs | E22: Public | F22: 43739 | G22: Somersworth Clerk | H22: Somersworth | I22: 114503 | K22: 0 | L22: 2025-12-18 17:11 | M22: 2026-01-12 13:36 | N22: 2026-01-12 13:36 | O22: 18 | Q22: https://www.muckrock.com/foi/somersworth-3993/ai-chat-logs-somersworth-clerk-200205/ | R22: transparent-nh | S22: Somersworth | T22: town | U22: Somersworth School District/SAU56 | V22: 0 | X22: =IF(Y22=TRUE,"",IF(ISNUMBER(W22),W22,V22)) | Y22: FALSE
A23: 211333 | B23: AI chat logs (Town Of Durham) | C23: Rejected | D23: rejected | E23: Public | F23: 45905 | G23: Town Of Durham | H23: Durham | I23: 23852 | K23: 0 | L23: 2026-05-15 12:31 | M23: 2026-05-20 16:33 | N23: 2026-05-20 16:33 | O23: 4 | Q23: https://www.muckrock.com/foi/durham-3859/ai-chat-logs-town-of-durham-211333/ | R23: transparent-nh | S23: Durham | T23: town | U23: Oyster River Cooperative School District/SAU5 | V23: -4 | X23: =IF(Y23=TRUE,"",IF(ISNUMBER(W23),W23,V23)) | Y23: FALSE
A24: 200202 | B24: AI chat logs (Troy Clerk) | C24: No Responsive Documents | D24: no_docs | E24: Public | F24: 43742 | G24: Troy Clerk | H24: Troy | I24: 114503 | K24: 0 | L24: 2025-12-18 17:11 | M24: 2026-05-21 20:01 | N24: 2026-05-21 20:01 | O24: 111 | Q24: https://www.muckrock.com/foi/troy-4012/ai-chat-logs-troy-clerk-200202/ | S24: Troy | T24: town | U24: Monadnock Regional School District/SAU93 | V24: 0 | X24: =IF(Y24=TRUE,"",IF(ISNUMBER(W24),W24,V24)) | Y24: FALSE
A25: 200173 | B25: AI policy (Belmont Clerk) | C25: No Responsive Documents | D25: no_docs | E25: Public | F25: 43740 | G25: Belmont Clerk | H25: Belmont | I25: 114503 | K25: 0 | L25: 2025-12-18 16:38 | M25: 2025-12-22 12:58 | N25: 2025-12-22 12:58 | O25: 3 | Q25: https://www.muckrock.com/foi/belmont-3816/ai-policy-belmont-clerk-200173/ | R25: transparent-nh | S25: Belmont | T25: town | U25: Shaker Regional School District/SAU80 | V25: 0 | X25: =IF(Y25=TRUE,"",IF(ISNUMBER(W25),W25,V25)) | Y25: FALSE
A26: 200170 | B26: AI policy (Berlin Clerk) | C26: No Responsive Documents | D26: no_docs | E26: Public | F26: 43743 | G26: Berlin Clerk | H26: Berlin | I26: 114503 | K26: 0 | L26: 2025-12-18 16:38 | M26: 2025-12-22 14:58 | N26: 2025-12-22 14:58 | O26: 3 | Q26: https://www.muckrock.com/foi/berlin-3819/ai-policy-berlin-clerk-200170/ | R26: transparent-nh | S26: Berlin | T26: town | U26: Berlin School District/SAU 3 | V26: 0 | X26: =IF(Y26=TRUE,"",IF(ISNUMBER(W26),W26,V26)) | Y26: FALSE
A27: 200166 | B27: AI policy (Bow Clerk) | C27: No Responsive Documents | D27: no_docs | E27: Public | F27: 43753 | G27: Bow Clerk | H27: Bow | I27: 114503 | K27: 0 | L27: 2025-12-18 16:38 | M27: 2026-04-24 21:10 | N27: 2026-04-24 21:10 | O27: 92 | Q27: https://www.muckrock.com/foi/bow-3822/ai-policy-bow-clerk-200166/ | R27: transparent-nh | S27: Bow | T27: town | U27: Bow School District/SAU67 | V27: 0 | X27: =IF(Y27=TRUE,"",IF(ISNUMBER(W27),W27,V27)) | Y27: FALSE
A28: 200157 | B28: AI policy (City Clerk) | C28: Awaiting Acknowledgement | D28: ack | E28: Public | F28: 17082 | G28: City Clerk | H28: Dover | I28: 114503 | K28: 0 | L28: 2025-12-18 16:32 | M28: 2026-07-15 05:00 | O28: 153 | P28: 4 | Q28: https://www.muckrock.com/foi/dover-3855/ai-policy-city-clerk-200157/ | R28: transparent-nh | S28: Dover | T28: town | U28: Dover School District/SAU11 | V28: -5 | X28: =IF(Y28=TRUE,"",IF(ISNUMBER(W28),W28,V28)) | Y28: FALSE
A29: 200154 | B29: AI policy (City Clerk) | C29: Completed | D29: done | E29: Public | F29: 17084 | G29: City Clerk | H29: Lebanon | I29: 114503 | K29: 0 | L29: 2025-12-18 16:32 | M29: 2025-12-22 17:26 | N29: 2025-12-22 17:26 | O29: 3 | Q29: https://www.muckrock.com/foi/lebanon-3917/ai-policy-city-clerk-200154/ | R29: transparent-nh | S29: Lebanon | T29: town | U29: Lebanon School District/SAU88 | V29: 5 | X29: =IF(Y29=TRUE,"",IF(ISNUMBER(W29),W29,V29)) | Y29: FALSE
A30: 200156 | B30: AI policy (City Clerk's Office) | C30: Completed | D30: done | E30: Public | F30: 4246 | G30: City Clerk's Office | H30: Keene | I30: 114503 | J30: RTK-2025-134 | K30: 0 | L30: 2025-12-18 16:32 | M30: 2026-02-08 20:12 | N30: 2026-02-08 20:12 | O30: 37 | Q30: https://www.muckrock.com/foi/keene-3910/ai-policy-city-clerks-office-200156/ | R30: transparent-nh | S30: Keene | T30: town | U30: Keene School District/SAU29 | V30: 4 | X30: =IF(Y30=TRUE,"",IF(ISNUMBER(W30),W30,V30)) | Y30: FALSE
A31: 200160 | B31: AI policy (Claremont Clerk) | C31: No Responsive Documents | D31: no_docs | E31: Public | F31: 43744 | G31: Claremont Clerk | H31: Claremont | I31: 114503 | K31: 0 | L31: 2025-12-18 16:32 | M31: 2026-06-15 16:09 | N31: 2026-06-15 16:09 | O31: 128 | Q31: https://www.muckrock.com/foi/claremont-3840/ai-policy-claremont-clerk-200160/ | R31: transparent-nh, nh-citizen | S31: Claremont | T31: town | U31: Claremont School District/SAU6 | V31: 0 | X31: =IF(Y31=TRUE,"",IF(ISNUMBER(W31),W31,V31)) | Y31: FALSE
A32: 200158 | B32: AI policy (Concord City Clerk) | C32: No Responsive Documents | D32: no_docs | E32: Public | F32: 11759 | G32: Concord City Clerk | H32: Concord | I32: 114503 | K32: 0.25 | L32: 2025-12-18 16:32 | M32: 2026-02-17 16:21 | N32: 2026-02-17 16:21 | O32: 44 | Q32: https://www.muckrock.com/foi/concord-3844/ai-policy-concord-city-clerk-200158/ | R32: transparent-nh, nh-citizen | S32: Concord | T32: town | U32: Concord School District/SAU8 | V32: 0 | X32: =IF(Y32=TRUE,"",IF(ISNUMBER(W32),W32,V32)) | Y32: FALSE
A33: 200164 | B33: AI policy (Derry Clerk) | C33: No Responsive Documents | D33: no_docs | E33: Public | F33: 43755 | G33: Derry Clerk | H33: Derry | I33: 114503 | K33: 0 | L33: 2025-12-18 16:38 | M33: 2025-12-22 21:08 | N33: 2025-12-22 21:08 | O33: 3 | Q33: https://www.muckrock.com/foi/derry-3853/ai-policy-derry-clerk-200164/ | R33: transparent-nh | S33: Derry | T33: town | U33: Derry Cooperative School District/SAU10 | V33: 0 | X33: =IF(Y33=TRUE,"",IF(ISNUMBER(W33),W33,V33)) | Y33: FALSE
A34: 211334 | B34: AI policy (Franklin Clerk) | C34: No Responsive Documents | D34: no_docs | E34: Public | F34: 43745 | G34: Franklin Clerk | H34: Franklin | I34: 23852 | K34: 0 | L34: 2026-05-15 12:32 | M34: 2026-05-22 14:09 | N34: 2026-05-22 14:09 | O34: 6 | Q34: https://www.muckrock.com/foi/franklin-3874/ai-policy-franklin-clerk-211334/ | R34: transparent-nh | S34: Franklin | T34: town | U34: Franklin School District/SAU18 | V34: 0 | X34: =IF(Y34=TRUE,"",IF(ISNUMBER(W34),W34,V34)) | Y34: FALSE
A35: 200167 | B35: AI policy (Gorham Clerk) | C35: No Responsive Documents | D35: no_docs | E35: Public | F35: 43752 | G35: Gorham Clerk | H35: Gorham | I35: 114503 | K35: 0 | L35: 2025-12-18 16:38 | M35: 2025-12-24 13:38 | N35: 2025-12-24 13:38 | O35: 5 | Q35: https://www.muckrock.com/foi/gorham-3881/ai-policy-gorham-clerk-200167/ | R35: transparent-nh | S35: Gorham | T35: town | U35: Gorham School District/SAU20 | V35: 0 | X35: =IF(Y35=TRUE,"",IF(ISNUMBER(W35),W35,V35)) | Y35: FALSE
A36: 200168 | B36: AI policy (Hanover Clerk) | C36: No Responsive Documents | D36: no_docs | E36: Public | F36: 43751 | G36: Hanover Clerk | H36: Hanover | I36: 114503 | K36: 0 | L36: 2025-12-18 16:38 | M36: 2025-12-23 14:35 | N36: 2025-12-23 14:35 | O36: 4 | Q36: https://www.muckrock.com/foi/hanover-3893/ai-policy-hanover-clerk-200168/ | R36: transparent-nh | S36: Hanover | T36: town | U36: Interstate School District/SAU70 | V36: 0 | X36: =IF(Y36=TRUE,"",IF(ISNUMBER(W36),W36,V36)) | Y36: FALSE
A37: 200165 | B37: AI policy (Hopkinton Clerk) | C37: No Responsive Documents | D37: no_docs | E37: Public | F37: 43754 | G37: Hopkinton Clerk | H37: Hopkinton | I37: 114503 | K37: 0 | L37: 2025-12-18 16:38 | M37: 2025-12-31 16:23 | N37: 2025-12-31 16:23 | O37: 10 | Q37: https://www.muckrock.com/foi/hopkinton-3905/ai-policy-hopkinton-clerk-200165/ | R37: transparent-nh | S37: Hopkinton | T37: town | U37: Hopkinton School District/SAU66 | V37: 0 | X37: =IF(Y37=TRUE,"",IF(ISNUMBER(W37),W37,V37)) | Y37: FALSE
A38: 200155 | B38: AI policy (Laconia Clerk) | C38: No Responsive Documents | D38: no_docs | E38: Public | F38: 43746 | G38: Laconia Clerk | H38: Laconia | I38: 114503 | K38: 0 | L38: 2025-12-18 16:32 | M38: 2025-12-22 20:57 | N38: 2025-12-22 20:57 | O38: 3 | Q38: https://www.muckrock.com/foi/laconia-3913/ai-policy-laconia-clerk-200155/ | R38: transparent-nh | S38: Laconia | T38: town | U38: Laconia School District/SAU30 | V38: 0 | X38: =IF(Y38=TRUE,"",IF(ISNUMBER(W38),W38,V38)) | Y38: FALSE
A39: 200159 | B39: AI policy (Manchester City Clerk) | C39: Completed | D39: done | E39: Public | F39: 8901 | G39: Manchester City Clerk | H39: Manchester | I39: 114503 | K39: 0 | L39: 2025-12-18 16:32 | M39: 2025-12-22 13:45 | N39: 2025-12-22 13:45 | O39: 3 | Q39: https://www.muckrock.com/foi/manchester-3931/ai-policy-manchester-city-clerk-200159/ | R39: transparent-nh | S39: Manchester | T39: town | U39: Manchester School District/SAU37 | V39: 5 | X39: =IF(Y39=TRUE,"",IF(ISNUMBER(W39),W39,V39)) | Y39: FALSE
A40: 200153 | B40: AI policy (Nashua City Clerk) | C40: No Responsive Documents | D40: no_docs | E40: Public | F40: 11758 | G40: Nashua City Clerk | H40: Nashua | I40: 114503 | J40: 25-653 | K40: 0 | L40: 2025-12-18 16:32 | M40: 2025-12-30 13:15 | N40: 2025-12-30 13:15 | O40: 9 | Q40: https://www.muckrock.com/foi/nashua-3944/ai-policy-nashua-city-clerk-200153/ | R40: transparent-nh | S40: Nashua | T40: town | U40: Nashua School District/SAU 42 | V40: 0 | X40: =IF(Y40=TRUE,"",IF(ISNUMBER(W40),W40,V40)) | Y40: FALSE
A41: 200169 | B41: AI policy (Peterborough Clerk) | C41: No Responsive Documents | D41: no_docs | E41: Public | F41: 43750 | G41: Peterborough Clerk | H41: Peterborough | I41: 114503 | K41: 0 | L41: 2025-12-18 16:38 | M41: 2025-12-29 18:11 | N41: 2025-12-29 18:11 | O41: 8 | Q41: https://www.muckrock.com/foi/peterborough-3968/ai-policy-peterborough-clerk-200169/ | R41: transparent-nh | S41: Peterborough | T41: town | U41: Contoocook Valley School District/SAU1 | V41: 0 | X41: =IF(Y41=TRUE,"",IF(ISNUMBER(W41),W41,V41)) | Y41: FALSE
A42: 200152 | B42: AI policy (Portsmouth Clerk) | C42: Completed | D42: done | E42: Public | F42: 43676 | G42: Portsmouth Clerk | H42: Portsmouth | I42: 114503 | J42: RTK-2025-0000165 | K42: 0 | L42: 2025-12-18 16:32 | M42: 2026-03-13 05:00 | O42: 153 | P42: 92 | Q42: https://www.muckrock.com/foi/portsmouth-3975/ai-policy-portsmouth-clerk-200152/ | R42: transparent-nh | S42: Portsmouth | T42: town | U42: Portsmouth School District/SAU52 | V42: 3 | X42: =IF(Y42=TRUE,"",IF(ISNUMBER(W42),W42,V42)) | Y42: FALSE
A43: 200151 | B43: AI policy (Rochester Clerk) | C43: Completed | D43: done | E43: Public | F43: 43749 | G43: Rochester Clerk | H43: Rochester | I43: 114503 | K43: 0 | L43: 2025-12-18 16:32 | M43: 2026-03-24 12:26 | N43: 2026-03-24 12:26 | O43: 69 | Q43: https://www.muckrock.com/foi/rochester-3980/ai-policy-rochester-clerk-200151/ | R43: transparent-nh, nh-citizen | S43: Rochester | T43: town | U43: Rochester School District/SAU54 | V43: 2 | X43: =IF(Y43=TRUE,"",IF(ISNUMBER(W43),W43,V43)) | Y43: FALSE
A44: 200172 | B44: AI policy (Salem Clerk) | C44: No Responsive Documents | D44: no_docs | E44: Public | F44: 43741 | G44: Salem Clerk | H44: Salem | I44: 114503 | K44: 0 | L44: 2025-12-18 16:38 | M44: 2026-01-12 16:30 | N44: 2026-01-12 16:30 | O44: 18 | Q44: https://www.muckrock.com/foi/salem-3985/ai-policy-salem-clerk-200172/ | R44: transparent-nh, nh-citizen | S44: Salem | T44: town | U44: Salem School District/SAU57 | V44: 0 | X44: =IF(Y44=TRUE,"",IF(ISNUMBER(W44),W44,V44)) | Y44: FALSE
A45: 200174 | B45: AI policy (Somersworth Clerk) | C45: Partially Completed | D45: partial | E45: Public | F45: 43739 | G45: Somersworth Clerk | H45: Somersworth | I45: 114503 | K45: 0 | L45: 2025-12-18 16:38 | M45: 2026-01-29 07:00 | O45: 153 | P45: 123 | Q45: https://www.muckrock.com/foi/somersworth-3993/ai-policy-somersworth-clerk-200174/ | R45: transparent-nh, nh-inperson | S45: Somersworth | T45: town | U45: Somersworth School District/SAU56 | X45: =IF(Y45=TRUE,"",IF(ISNUMBER(W45),W45,V45)) | Y45: FALSE
A46: 211335 | B46: AI policy (Town Of Durham) | C46: No Responsive Documents | D46: no_docs | E46: Public | F46: 45905 | G46: Town Of Durham | H46: Durham | I46: 23852 | K46: 0 | L46: 2026-05-15 12:32 | M46: 2026-05-20 16:29 | N46: 2026-05-20 16:29 | O46: 4 | Q46: https://www.muckrock.com/foi/durham-3859/ai-policy-town-of-durham-211335/ | R46: transparent-nh | S46: Durham | T46: town | U46: Oyster River Cooperative School District/SAU5 | V46: 0 | X46: =IF(Y46=TRUE,"",IF(ISNUMBER(W46),W46,V46)) | Y46: FALSE
A47: 200171 | B47: AI policy (Troy Clerk) | C47: No Responsive Documents | D47: no_docs | E47: Public | F47: 43742 | G47: Troy Clerk | H47: Troy | I47: 114503 | K47: 0 | L47: 2025-12-18 16:38 | M47: 2026-05-21 20:01 | N47: 2026-05-21 20:01 | O47: 111 | Q47: https://www.muckrock.com/foi/troy-4012/ai-policy-troy-clerk-200171/ | S47: Troy | T47: town | U47: Monadnock Regional School District/SAU93 | V47: 0 | X47: =IF(Y47=TRUE,"",IF(ISNUMBER(W47),W47,V47)) | Y47: FALSE
A48: 201891 | B48: Ethics and Conflict of Interest Rules | C48: Completed | D48: done | E48: Public | F48: 43745 | G48: Franklin Clerk | H48: Franklin | I48: 23852 | K48: 0 | L48: 2026-01-13 14:09 | M48: 2026-01-13 15:03 | N48: 2026-01-13 15:03 | O48: 1 | Q48: https://www.muckrock.com/foi/franklin-3874/ethics-and-conflict-of-interest-rules-201891/ | R48: transparent-nh | S48: Franklin | T48: town | U48: Franklin School District/SAU18 | V48: 5 | X48: =IF(Y48=TRUE,"",IF(ISNUMBER(W48),W48,V48)) | Y48: FALSE
A49: 211331 | B49: Ethics and Conflict of Interest Rules | C49: Completed | D49: done | E49: Public | F49: 43741 | G49: Salem Clerk | H49: Salem | I49: 23852 | K49: 0 | L49: 2026-05-15 12:29 | M49: 2026-05-15 18:59 | N49: 2026-05-15 18:59 | O49: 1 | Q49: https://www.muckrock.com/foi/salem-3985/ethics-and-conflict-of-interest-rules-211331/ | R49: transparent-nh | S49: Salem | T49: town | U49: Salem School District/SAU57 | V49: 5 | X49: =IF(Y49=TRUE,"",IF(ISNUMBER(W49),W49,V49)) | Y49: FALSE
A50: 201890 | B50: Ethics and Conflict of Interest Rules | C50: No Responsive Documents | D50: no_docs | E50: Public | F50: 43742 | G50: Troy Clerk | H50: Troy | I50: 23852 | K50: 0 | L50: 2026-01-13 13:45 | M50: 2026-05-21 20:01 | N50: 2026-05-21 20:01 | O50: 93 | Q50: https://www.muckrock.com/foi/troy-4012/ethics-and-conflict-of-interest-rules-201890/ | R50: nh-transparent | S50: Troy | T50: town | U50: Monadnock Regional School District/SAU93 | V50: 0 | X50: =IF(Y50=TRUE,"",IF(ISNUMBER(W50),W50,V50)) | Y50: FALSE
A51: 201888 | B51: Ethics and Conflict of Interest Rules | C51: Partially Completed | D51: partial | E51: Public | F51: 43739 | G51: Somersworth Clerk | H51: Somersworth | I51: 23852 | K51: 0 | L51: 2026-01-13 13:42 | M51: 2026-02-27 07:02 | O51: 135 | P51: 102 | Q51: https://www.muckrock.com/foi/somersworth-3993/ethics-and-conflict-of-interest-rules-201888/ | R51: transparent-nh, nh-inperson | S51: Somersworth | T51: town | U51: Somersworth School District/SAU56 | X51: =IF(Y51=TRUE,"",IF(ISNUMBER(W51),W51,V51)) | Y51: FALSE
A52: 201900 | B52: Ethics and Conflict of Interest Rules | C52: Completed | D52: done | E52: Public | F52: 43755 | G52: Derry Clerk | H52: Derry | I52: 23852 | K52: 0 | L52: 2026-01-13 14:32 | M52: 2026-01-21 21:12 | N52: 2026-01-21 21:12 | O52: 7 | Q52: https://www.muckrock.com/foi/derry-3853/ethics-and-conflict-of-interest-rules-201900/ | R52: transparent-nh | S52: Derry | T52: town | U52: Derry Cooperative School District/SAU10 | V52: 5 | X52: =IF(Y52=TRUE,"",IF(ISNUMBER(W52),W52,V52)) | Y52: FALSE
A53: 201899 | B53: Ethics and Conflict of Interest Rules | C53: Completed | D53: done | E53: Public | F53: 43754 | G53: Hopkinton Clerk | H53: Hopkinton | I53: 23852 | K53: 0 | L53: 2026-01-13 14:31 | M53: 2026-02-02 14:39 | N53: 2026-02-02 14:39 | O53: 15 | Q53: https://www.muckrock.com/foi/hopkinton-3905/ethics-and-conflict-of-interest-rules-201899/ | R53: transparent-nh | S53: Hopkinton | T53: town | U53: Hopkinton School District/SAU66 | V53: 4 | X53: =IF(Y53=TRUE,"",IF(ISNUMBER(W53),W53,V53)) | Y53: FALSE
A54: 201887 | B54: Ethics and Conflict of Interest Rules | C54: Completed | D54: done | E54: Public | F54: 43676 | G54: Portsmouth Clerk | H54: Portsmouth | I54: 23852 | K54: 0 | L54: 2026-01-13 13:40 | M54: 2026-02-24 18:34 | N54: 2026-02-24 18:34 | O54: 31 | Q54: https://www.muckrock.com/foi/portsmouth-3975/ethics-and-conflict-of-interest-rules-201887/ | R54: transparent-nh | S54: Portsmouth | T54: town | U54: Portsmouth School District/SAU52 | V54: 4 | X54: =IF(Y54=TRUE,"",IF(ISNUMBER(W54),W54,V54)) | Y54: FALSE
A55: 201898 | B55: Ethics and Conflict of Interest Rules | C55: Completed | D55: done | E55: Public | F55: 43753 | G55: Bow Clerk | H55: Bow | I55: 23852 | K55: 0 | L55: 2026-01-13 14:30 | M55: 2026-04-28 18:11 | N55: 2026-04-28 18:11 | O55: 76 | Q55: https://www.muckrock.com/foi/bow-3822/ethics-and-conflict-of-interest-rules-201898/ | R55: transparent-nh | S55: Bow | T55: town | U55: Bow School District/SAU67 | V55: 3 | X55: =IF(Y55=TRUE,"",IF(ISNUMBER(W55),W55,V55)) | Y55: FALSE
A56: 201897 | B56: Ethics and Conflict of Interest Rules | C56: No Responsive Documents | D56: no_docs | E56: Public | F56: 43752 | G56: Gorham Clerk | H56: Gorham | I56: 23852 | K56: 0 | L56: 2026-01-13 14:28 | M56: 2026-01-13 18:18 | N56: 2026-01-13 18:18 | O56: 1 | Q56: https://www.muckrock.com/foi/gorham-3881/ethics-and-conflict-of-interest-rules-201897/ | R56: transparent-nh | S56: Gorham | T56: town | U56: Gorham School District/SAU20 | V56: 0 | X56: =IF(Y56=TRUE,"",IF(ISNUMBER(W56),W56,V56)) | Y56: FALSE
A57: 201896 | B57: Ethics and Conflict of Interest Rules | C57: Completed | D57: done | E57: Public | F57: 43751 | G57: Hanover Clerk | H57: Hanover | I57: 23852 | K57: 0 | L57: 2026-01-13 14:26 | M57: 2026-07-16 15:02 | N57: 2026-07-16 15:02 | O57: 133 | Q57: https://www.muckrock.com/foi/hanover-3893/ethics-and-conflict-of-interest-rules-201896/ | R57: transparent-nh, nh-citizen | S57: Hanover | T57: town | U57: Interstate School District/SAU70 | V57: 2 | X57: =IF(Y57=TRUE,"",IF(ISNUMBER(W57),W57,V57)) | Y57: FALSE
A58: 201895 | B58: Ethics and Conflict of Interest Rules | C58: Completed | D58: done | E58: Public | F58: 43750 | G58: Peterborough Clerk | H58: Peterborough | I58: 23852 | K58: 0 | L58: 2026-01-13 14:25 | M58: 2026-01-15 16:09 | N58: 2026-01-15 16:09 | O58: 3 | Q58: https://www.muckrock.com/foi/peterborough-3968/ethics-and-conflict-of-interest-rules-201895/ | R58: transparent-nh | S58: Peterborough | T58: town | U58: Contoocook Valley School District/SAU1 | V58: 5 | X58: =IF(Y58=TRUE,"",IF(ISNUMBER(W58),W58,V58)) | Y58: FALSE
A59: 201894 | B59: Ethics and Conflict of Interest Rules | C59: Completed | D59: done | E59: Public | F59: 43748 | G59: Nashua Clerk | H59: Nashua | I59: 23852 | J59: 26-31 | K59: 0 | L59: 2026-01-13 14:23 | M59: 2026-01-30 03:57 | N59: 2026-01-29 19:19 | O59: 13 | Q59: https://www.muckrock.com/foi/nashua-3944/ethics-and-conflict-of-interest-rules-201894/ | R59: transparent-nh | S59: Nashua | T59: town | U59: Nashua School District/SAU 42 | V59: 4 | X59: =IF(Y59=TRUE,"",IF(ISNUMBER(W59),W59,V59)) | Y59: FALSE
A60: 201893 | B60: Ethics and Conflict of Interest Rules | C60: Completed | D60: done | E60: Public | F60: 43747 | G60: Lebanon Clerk | H60: Lebanon | I60: 23852 | K60: 0 | L60: 2026-01-13 14:19 | M60: 2026-01-13 15:18 | N60: 2026-01-13 15:18 | O60: 1 | Q60: https://www.muckrock.com/foi/lebanon-3917/ethics-and-conflict-of-interest-rules-201893/ | R60: transparent-nh | S60: Lebanon | T60: town | U60: Lebanon School District/SAU88 | V60: 5 | X60: =IF(Y60=TRUE,"",IF(ISNUMBER(W60),W60,V60)) | Y60: FALSE
A61: 201892 | B61: Ethics and Conflict of Interest Rules | C61: Completed | D61: done | E61: Public | F61: 43746 | G61: Laconia Clerk | H61: Laconia | I61: 23852 | K61: 0 | L61: 2026-01-13 14:18 | M61: 2026-01-13 20:02 | N61: 2026-01-13 20:02 | O61: 1 | Q61: https://www.muckrock.com/foi/laconia-3913/ethics-and-conflict-of-interest-rules-201892/ | R61: transparent-nh | S61: Laconia | T61: town | U61: Laconia School District/SAU30 | V61: 5 | X61: =IF(Y61=TRUE,"",IF(ISNUMBER(W61),W61,V61)) | Y61: FALSE
A62: 201889 | B62: Ethics and Conflict of Interest Rules | C62: Completed | D62: done | E62: Public | F62: 43740 | G62: Belmont Clerk | H62: Belmont | I62: 23852 | K62: 0.5 | L62: 2026-01-13 13:43 | M62: 2026-02-17 16:51 | N62: 2026-02-17 16:51 | O62: 26 | Q62: https://www.muckrock.com/foi/belmont-3816/ethics-and-conflict-of-interest-rules-201889/ | R62: transparent-nh | S62: Belmont | T62: town | U62: Shaker Regional School District/SAU80 | V62: 4 | X62: =IF(Y62=TRUE,"",IF(ISNUMBER(W62),W62,V62)) | Y62: FALSE
A63: 211278 | B63: Ethics and Conflict of Interest Rules (Berlin Clerk) | C63: Completed | D63: done | E63: Public | F63: 43743 | G63: Berlin Clerk | H63: Berlin | I63: 23852 | K63: 0 | L63: 2026-05-14 21:28 | M63: 2026-05-15 12:48 | N63: 2026-05-15 12:48 | O63: 2 | Q63: https://www.muckrock.com/foi/berlin-3819/ethics-and-conflict-of-interest-rules-berlin-clerk-211278/ | R63: transparent-nh | S63: Berlin | T63: town | U63: Berlin School District/SAU 3 | V63: 5 | X63: =IF(Y63=TRUE,"",IF(ISNUMBER(W63),W63,V63)) | Y63: FALSE
A64: 199785 | B64: Ethics and Conflict of Interest Rules (City Clerk) | C64: Awaiting Acknowledgement | D64: ack | E64: Public | F64: 17082 | G64: City Clerk | H64: Dover | I64: 23852 | K64: 0 | L64: 2025-12-12 17:13 | M64: 2026-07-07 05:00 | O64: 157 | P64: 10 | Q64: https://www.muckrock.com/foi/dover-3855/ethics-and-conflict-of-interest-rules-city-clerk-199785/ | R64: transparent-nh | S64: Dover | T64: town | U64: Dover School District/SAU11 | V64: -5 | X64: =IF(Y64=TRUE,"",IF(ISNUMBER(W64),W64,V64)) | Y64: FALSE
A65: 199782 | B65: Ethics and Conflict of Interest Rules (City Clerk's Office) | C65: Completed | D65: done | E65: Public | F65: 4246 | G65: City Clerk's Office | H65: Keene | I65: 23852 | J65: RTK-2025-131 | K65: 0 | L65: 2025-12-12 17:13 | M65: 2026-01-13 12:46 | N65: 2025-12-29 16:41 | O65: 12 | Q65: https://www.muckrock.com/foi/keene-3910/ethics-and-conflict-of-interest-rules-city-clerks-office-199782/ | R65: transparent-nh | S65: Keene | T65: town | U65: Keene School District/SAU29 | V65: 4 | X65: =IF(Y65=TRUE,"",IF(ISNUMBER(W65),W65,V65)) | Y65: FALSE
A66: 211277 | B66: Ethics and Conflict of Interest Rules (Claremont Clerk) | C66: Completed | D66: done | E66: Public | F66: 43744 | G66: Claremont Clerk | H66: Claremont | I66: 23852 | K66: 0 | L66: 2026-05-14 21:28 | M66: 2026-05-22 20:48 | N66: 2026-05-22 20:48 | O66: 7 | Q66: https://www.muckrock.com/foi/claremont-3840/ethics-and-conflict-of-interest-rules-claremont-clerk-211277/ | R66: transparent-nh | S66: Claremont | T66: town | U66: Claremont School District/SAU6 | V66: 5 | X66: =IF(Y66=TRUE,"",IF(ISNUMBER(W66),W66,V66)) | Y66: FALSE
A67: 199784 | B67: Ethics and Conflict of Interest Rules (Concord City Clerk) | C67: Completed | D67: done | E67: Public | F67: 11759 | G67: Concord City Clerk | H67: Concord | I67: 23852 | K67: 0 | L67: 2025-12-12 17:13 | M67: 2026-01-13 12:43 | N67: 2025-12-22 14:04 | O67: 7 | Q67: https://www.muckrock.com/foi/concord-3844/ethics-and-conflict-of-interest-rules-concord-city-clerk-199784/ | R67: transparent-nh | S67: Concord | T67: town | U67: Concord School District/SAU8 | V67: 5 | X67: =IF(Y67=TRUE,"",IF(ISNUMBER(W67),W67,V67)) | Y67: FALSE
A68: 199783 | B68: Ethics and Conflict of Interest Rules (Manchester City Clerk) | C68: Completed | D68: done | E68: Public | F68: 8901 | G68: Manchester City Clerk | H68: Manchester | I68: 23852 | K68: 0 | L68: 2025-12-12 17:13 | M68: 2025-12-15 13:20 | N68: 2025-12-15 13:20 | O68: 2 | Q68: https://www.muckrock.com/foi/manchester-3931/ethics-and-conflict-of-interest-rules-manchester-city-clerk-199783/ | R68: transparent-nh | S68: Manchester | T68: town | U68: Manchester School District/SAU37 | V68: 5 | X68: =IF(Y68=TRUE,"",IF(ISNUMBER(W68),W68,V68)) | Y68: FALSE
A69: 211275 | B69: Ethics and Conflict of Interest Rules (Rochester Clerk) | C69: Completed | D69: done | E69: Public | F69: 43749 | G69: Rochester Clerk | H69: Rochester | I69: 23852 | K69: 0 | L69: 2026-05-14 21:28 | M69: 2026-05-15 13:37 | N69: 2026-05-15 13:37 | O69: 2 | Q69: https://www.muckrock.com/foi/rochester-3980/ethics-and-conflict-of-interest-rules-rochester-clerk-211275/ | R69: transparent-nh | S69: Rochester | T69: town | U69: Rochester School District/SAU54 | V69: 5 | X69: =IF(Y69=TRUE,"",IF(ISNUMBER(W69),W69,V69)) | Y69: FALSE
A70: 211276 | B70: Ethics and Conflict of Interest Rules (Town Of Durham) | C70: Completed | D70: done | E70: Public | F70: 45905 | G70: Town Of Durham | H70: Durham | I70: 23852 | K70: 0 | L70: 2026-05-14 21:28 | M70: 2026-05-15 17:54 | N70: 2026-05-15 17:54 | O70: 2 | Q70: https://www.muckrock.com/foi/durham-3859/ethics-and-conflict-of-interest-rules-town-of-durham-211276/ | R70: transparent-nh | S70: Durham | T70: town | U70: Oyster River Cooperative School District/SAU5 | V70: 5 | X70: =IF(Y70=TRUE,"",IF(ISNUMBER(W70),W70,V70)) | Y70: FALSE
A71: 200682 | B71: Highest-value RFPs (Belmont Clerk) | C71: Completed | D71: done | E71: Public | F71: 43740 | G71: Belmont Clerk | H71: Belmont | I71: 114503 | K71: 0 | L71: 2025-12-23 20:06 | M71: 2026-01-27 18:25 | N71: 2026-01-27 18:25 | O71: 26 | Q71: https://www.muckrock.com/foi/belmont-3816/highest-value-rfps-belmont-clerk-200682/ | R71: transparent-nh, nh-inperson, nh-rfp | S71: Belmont | T71: town | U71: Shaker Regional School District/SAU80 | V71: 2 | X71: =IF(Y71=TRUE,"",IF(ISNUMBER(W71),W71,V71)) | Y71: TRUE
A72: 200679 | B72: Highest-value RFPs (Berlin Clerk) | C72: Completed | D72: done | E72: Public | F72: 43743 | G72: Berlin Clerk | H72: Berlin | I72: 114503 | K72: 0 | L72: 2025-12-23 20:06 | M72: 2026-02-05 16:35 | N72: 2026-02-05 16:35 | O72: 33 | Q72: https://www.muckrock.com/foi/berlin-3819/highest-value-rfps-berlin-clerk-200679/ | R72: transparent-nh, nh-inperson, nh-rfp | S72: Berlin | T72: town | U72: Berlin School District/SAU 3 | V72: 2 | X72: =IF(Y72=TRUE,"",IF(ISNUMBER(W72),W72,V72)) | Y72: TRUE
A73: 200671 | B73: Highest-value RFPs (Bow Clerk) | C73: Completed | D73: done | E73: Public | F73: 43753 | G73: Bow Clerk | H73: Bow | I73: 114503 | K73: 0 | L73: 2025-12-23 20:06 | M73: 2026-06-11 17:31 | N73: 2026-06-11 17:31 | O73: 123 | Q73: https://www.muckrock.com/foi/bow-3822/highest-value-rfps-bow-clerk-200671/ | R73: transparent-nh, nh-rfp | S73: Bow | T73: town | U73: Bow School District/SAU67 | V73: 3 | X73: =IF(Y73=TRUE,"",IF(ISNUMBER(W73),W73,V73)) | Y73: TRUE
A74: 200676 | B74: Highest-value RFPs (City Clerk) | C74: Completed | D74: done | E74: Public | F74: 17084 | G74: City Clerk | H74: Lebanon | I74: 114503 | K74: 0 | L74: 2025-12-23 20:06 | M74: 2026-01-28 03:06 | N74: 2026-01-27 13:59 | O74: 26 | Q74: https://www.muckrock.com/foi/lebanon-3917/highest-value-rfps-city-clerk-200676/ | R74: transparent-nh, nh-rfp | S74: Lebanon | T74: town | U74: Lebanon School District/SAU88 | V74: 4 | X74: =IF(Y74=TRUE,"",IF(ISNUMBER(W74),W74,V74)) | Y74: TRUE
A75: 200688 | B75: Highest-value RFPs (City Clerk) | C75: Awaiting Acknowledgement | D75: ack | E75: Public | F75: 17082 | G75: City Clerk | H75: Dover | I75: 114503 | K75: 0 | L75: 2025-12-23 20:06 | M75: 2026-07-20 05:02 | O75: 150 | P75: 1 | Q75: https://www.muckrock.com/foi/dover-3855/highest-value-rfps-city-clerk-200688/ | R75: transparent-nh, nh-rfp | S75: Dover | T75: town | U75: Dover School District/SAU11 | V75: -5 | X75: =IF(Y75=TRUE,"",IF(ISNUMBER(W75),W75,V75)) | Y75: TRUE
A76: 200685 | B76: Highest-value RFPs (City Clerk's Office) | C76: Awaiting Response | D76: processed | E76: Public | F76: 4246 | G76: City Clerk's Office | H76: Keene | I76: 114503 | J76: RTK-2026-19 | K76: 0 | L76: 2025-12-23 20:06 | M76: 2026-07-14 05:00 | O76: 150 | P76: 5 | Q76: https://www.muckrock.com/foi/keene-3910/highest-value-rfps-city-clerks-office-200685/ | R76: transparent-nh, nh-rfp | S76: Keene | T76: town | U76: Keene School District/SAU29 | V76: -3 | X76: =IF(Y76=TRUE,"",IF(ISNUMBER(W76),W76,V76)) | Y76: TRUE
A77: 200678 | B77: Highest-value RFPs (Claremont Clerk) | C77: Partially Completed | D77: partial | E77: Public | F77: 43744 | G77: Claremont Clerk | H77: Claremont | I77: 114503 | K77: 0 | L77: 2025-12-23 20:06 | M77: 2026-06-15 16:16 | N77: 2025-12-29 17:02 | O77: 5 | Q77: https://www.muckrock.com/foi/claremont-3840/highest-value-rfps-claremont-clerk-200678/ | R77: transparent-nh, nh-citizen, nh-rfp | S77: Claremont | T77: town | U77: Claremont School District/SAU6 | X77: =IF(Y77=TRUE,"",IF(ISNUMBER(W77),W77,V77)) | Y77: TRUE
A78: 200687 | B78: Highest-value RFPs (Concord City Clerk) | C78: Rejected | D78: rejected | E78: Public | F78: 11759 | G78: Concord City Clerk | H78: Concord | I78: 114503 | K78: 0.25 | L78: 2025-12-23 20:06 | M78: 2026-02-18 20:21 | N78: 2026-02-18 20:21 | O78: 42 | Q78: https://www.muckrock.com/foi/concord-3844/highest-value-rfps-concord-city-clerk-200687/ | R78: transparent-nh, nh-citizen, nh-rfp | S78: Concord | T78: town | U78: Concord School District/SAU8 | V78: -4 | X78: =IF(Y78=TRUE,"",IF(ISNUMBER(W78),W78,V78)) | Y78: TRUE
A79: 200669 | B79: Highest-value RFPs (Derry Clerk) | C79: Completed | D79: done | E79: Public | F79: 43755 | G79: Derry Clerk | H79: Derry | I79: 114503 | K79: 0 | L79: 2025-12-23 20:06 | M79: 2026-01-30 20:33 | N79: 2026-01-30 20:33 | O79: 29 | Q79: https://www.muckrock.com/foi/derry-3853/highest-value-rfps-derry-clerk-200669/ | R79: transparent-nh, nh-rfp | S79: Derry | T79: town | U79: Derry Cooperative School District/SAU10 | V79: 4 | X79: =IF(Y79=TRUE,"",IF(ISNUMBER(W79),W79,V79)) | Y79: TRUE
A80: 211279 | B80: Highest-value RFPs (Franklin Clerk) | C80: Fix Required | D80: fix | E80: Public | F80: 43745 | G80: Franklin Clerk | H80: Franklin | I80: 23852 | K80: 10 | L80: 2026-05-14 21:30 | M80: 2026-06-26 16:40 | O80: 48 | P80: 17 | Q80: https://www.muckrock.com/foi/franklin-3874/highest-value-rfps-franklin-clerk-211279/ | R80: transparent-nh, nh-rfp | S80: Franklin | T80: town | U80: Franklin School District/SAU18 | X80: =IF(Y80=TRUE,"",IF(ISNUMBER(W80),W80,V80)) | Y80: TRUE
A81: 200672 | B81: Highest-value RFPs (Gorham Clerk) | C81: No Responsive Documents | D81: no_docs | E81: Public | F81: 43752 | G81: Gorham Clerk | H81: Gorham | I81: 114503 | K81: 0 | L81: 2025-12-23 20:06 | M81: 2025-12-24 17:05 | N81: 2025-12-24 17:05 | O81: 2 | Q81: https://www.muckrock.com/foi/gorham-3881/highest-value-rfps-gorham-clerk-200672/ | R81: transparent-nh, nh-rfp | S81: Gorham | T81: town | U81: Gorham School District/SAU20 | V81: 0 | X81: =IF(Y81=TRUE,"",IF(ISNUMBER(W81),W81,V81)) | Y81: TRUE
A82: 200673 | B82: Highest-value RFPs (Hanover Clerk) | C82: Rejected | D82: rejected | E82: Public | F82: 43751 | G82: Hanover Clerk | H82: Hanover | I82: 114503 | K82: 0 | L82: 2025-12-23 20:06 | M82: 2026-01-16 14:34 | N82: 2026-01-16 14:34 | O82: 19 | Q82: https://www.muckrock.com/foi/hanover-3893/highest-value-rfps-hanover-clerk-200673/ | R82: transparent-nh, nh-citizen, nh-rfp | S82: Hanover | T82: town | U82: Interstate School District/SAU70 | V82: -4 | X82: =IF(Y82=TRUE,"",IF(ISNUMBER(W82),W82,V82)) | Y82: TRUE
A83: 200670 | B83: Highest-value RFPs (Hopkinton Clerk) | C83: Partially Completed | D83: partial | E83: Public | F83: 43754 | G83: Hopkinton Clerk | H83: Hopkinton | I83: 114503 | K83: 0 | L83: 2025-12-23 20:06 | M83: 2026-06-22 14:09 | N83: 2026-06-22 14:09 | O83: 130 | Q83: https://www.muckrock.com/foi/hopkinton-3905/highest-value-rfps-hopkinton-clerk-200670/ | R83: transparent-nh, nh-inperson, nh-rfp | S83: Hopkinton | T83: town | U83: Hopkinton School District/SAU66 | X83: =IF(Y83=TRUE,"",IF(ISNUMBER(W83),W83,V83)) | Y83: TRUE
A84: 200677 | B84: Highest-value RFPs (Laconia Clerk) | C84: Completed | D84: done | E84: Public | F84: 43746 | G84: Laconia Clerk | H84: Laconia | I84: 114503 | K84: 0 | L84: 2025-12-23 20:06 | M84: 2025-12-30 19:00 | N84: 2025-12-30 19:00 | O84: 6 | Q84: https://www.muckrock.com/foi/laconia-3913/highest-value-rfps-laconia-clerk-200677/ | R84: transparent-nh, nh-inperson, nh-pickedup, nh-rfp | S84: Laconia | T84: town | U84: Laconia School District/SAU30 | V84: 2 | X84: =IF(Y84=TRUE,"",IF(ISNUMBER(W84),W84,V84)) | Y84: TRUE
A85: 200686 | B85: Highest-value RFPs (Manchester City Clerk) | C85: Partially Completed | D85: partial | E85: Public | F85: 8901 | G85: Manchester City Clerk | H85: Manchester | I85: 114503 | K85: 0 | L85: 2025-12-23 20:06 | M85: 2026-01-29 13:28 | N85: 2026-01-28 19:00 | O85: 27 | Q85: https://www.muckrock.com/foi/manchester-3931/highest-value-rfps-manchester-city-clerk-200686/ | R85: transparent-nh, nh-inperson, nh-rfp | S85: Manchester | T85: town | U85: Manchester School District/SAU37 | X85: =IF(Y85=TRUE,"",IF(ISNUMBER(W85),W85,V85)) | Y85: TRUE
A86: 200675 | B86: Highest-value RFPs (Nashua City Clerk) | C86: Fix Required | D86: fix | E86: Public | F86: 11758 | G86: Nashua City Clerk | H86: Nashua | I86: 114503 | J86: 26-356 | K86: 0 | L86: 2025-12-23 20:06 | M86: 2026-05-20 17:25 | O86: 150 | P86: 44 | Q86: https://www.muckrock.com/foi/nashua-3944/highest-value-rfps-nashua-city-clerk-200675/ | R86: transparent-nh, nh-rfp | S86: Nashua | T86: town | U86: Nashua School District/SAU 42 | X86: =IF(Y86=TRUE,"",IF(ISNUMBER(W86),W86,V86)) | Y86: TRUE
A87: 200674 | B87: Highest-value RFPs (Peterborough Clerk) | C87: Partially Completed | D87: partial | E87: Public | F87: 43750 | G87: Peterborough Clerk | H87: Peterborough | I87: 114503 | K87: 0 | L87: 2025-12-23 20:06 | M87: 2026-01-06 14:38 | O87: 150 | P87: 140 | Q87: https://www.muckrock.com/foi/peterborough-3968/highest-value-rfps-peterborough-clerk-200674/ | R87: transparent-nh, nh-inperson, nh-rfp | S87: Peterborough | T87: town | U87: Contoocook Valley School District/SAU1 | X87: =IF(Y87=TRUE,"",IF(ISNUMBER(W87),W87,V87)) | Y87: TRUE
A88: 200684 | B88: Highest-value RFPs (Portsmouth Clerk) | C88: Completed | D88: done | E88: Public | F88: 43676 | G88: Portsmouth Clerk | H88: Portsmouth | I88: 114503 | K88: 0 | L88: 2025-12-23 20:06 | M88: 2025-12-30 16:45 | N88: 2025-12-30 16:45 | O88: 6 | Q88: https://www.muckrock.com/foi/portsmouth-3975/highest-value-rfps-portsmouth-clerk-200684/ | R88: transparent-nh, nh-inperson, nh-rfp | S88: Portsmouth | T88: town | U88: Portsmouth School District/SAU52 | V88: 2 | X88: =IF(Y88=TRUE,"",IF(ISNUMBER(W88),W88,V88)) | Y88: TRUE
A89: 200689 | B89: Highest-value RFPs (Rochester Clerk) | C89: Rejected | D89: rejected | E89: Public | F89: 43749 | G89: Rochester Clerk | H89: Rochester | I89: 114503 | K89: 0 | L89: 2025-12-23 20:06 | M89: 2026-02-11 16:11 | N89: 2026-02-11 16:11 | O89: 37 | Q89: https://www.muckrock.com/foi/rochester-3980/highest-value-rfps-rochester-clerk-200689/ | R89: transparent-nh, nh-citizen, nh-inperson, nh-rfp | S89: Rochester | T89: town | U89: Rochester School District/SAU54 | V89: -4 | X89: =IF(Y89=TRUE,"",IF(ISNUMBER(W89),W89,V89)) | Y89: TRUE
A90: 200681 | B90: Highest-value RFPs (Salem Clerk) | C90: Completed | D90: done | E90: Public | F90: 43741 | G90: Salem Clerk | H90: Salem | I90: 114503 | K90: 0 | L90: 2025-12-23 20:06 | M90: 2025-12-29 17:03 | N90: 2025-12-29 17:03 | O90: 5 | Q90: https://www.muckrock.com/foi/salem-3985/highest-value-rfps-salem-clerk-200681/ | R90: transparent-nh, nh-citizen, nh-rfp | S90: Salem | T90: town | U90: Salem School District/SAU57 | V90: 2 | X90: =IF(Y90=TRUE,"",IF(ISNUMBER(W90),W90,V90)) | Y90: TRUE
A91: 200683 | B91: Highest-value RFPs (Somersworth Clerk) | C91: Partially Completed | D91: partial | E91: Public | F91: 43739 | G91: Somersworth Clerk | H91: Somersworth | I91: 114503 | K91: 0 | L91: 2025-12-23 20:06 | M91: 2026-01-29 12:45 | O91: 150 | P91: 123 | Q91: https://www.muckrock.com/foi/somersworth-3993/highest-value-rfps-somersworth-clerk-200683/ | R91: transparent-nh, nh-inperson, nh-rfp | S91: Somersworth | T91: town | U91: Somersworth School District/SAU56 | X91: =IF(Y91=TRUE,"",IF(ISNUMBER(W91),W91,V91)) | Y91: TRUE
A92: 211280 | B92: Highest-value RFPs (Town Of Durham) | C92: Awaiting Response | D92: processed | E92: Public | F92: 45905 | G92: Town Of Durham | H92: Durham | I92: 23852 | K92: 0 | L92: 2026-05-14 21:30 | M92: 2026-07-20 05:02 | O92: 48 | P92: 1 | Q92: https://www.muckrock.com/foi/durham-3859/highest-value-rfps-town-of-durham-211280/ | R92: transparent-nh, nh-rfp | S92: Durham | T92: town | U92: Oyster River Cooperative School District/SAU5 | V92: -3 | X92: =IF(Y92=TRUE,"",IF(ISNUMBER(W92),W92,V92)) | Y92: TRUE
A93: 200680 | B93: Highest-value RFPs (Troy Clerk) | C93: Completed | D93: done | E93: Public | F93: 43742 | G93: Troy Clerk | H93: Troy | I93: 114503 | K93: 0 | L93: 2025-12-23 20:06 | M93: 2026-05-21 19:54 | N93: 2026-05-21 19:54 | O93: 108 | Q93: https://www.muckrock.com/foi/troy-4012/highest-value-rfps-troy-clerk-200680/ | R93: nh-rfp | S93: Troy | T93: town | U93: Monadnock Regional School District/SAU93 | V93: 3 | X93: =IF(Y93=TRUE,"",IF(ISNUMBER(W93),W93,V93)) | Y93: TRUE
A94: 211282 | B94: Leadership and constituent emails | C94: No Responsive Documents | D94: no_docs | E94: Public | F94: 45905 | G94: Town Of Durham | H94: Durham | I94: 23852 | K94: 0 | L94: 2026-05-14 21:40 | M94: 2026-05-20 15:41 | N94: 2026-05-20 15:41 | O94: 5 | Q94: https://www.muckrock.com/foi/durham-3859/leadership-and-constituent-emails-211282/ | R94: transparent-nh | S94: Durham | T94: town | U94: Oyster River Cooperative School District/SAU5 | V94: 0 | X94: =IF(Y94=TRUE,"",IF(ISNUMBER(W94),W94,V94)) | Y94: FALSE
A95: 211354 | B95: Leadership and constituent emails | C95: Completed | D95: done | E95: Public | F95: 43742 | G95: Troy Clerk | H95: Troy | I95: 23852 | K95: 400 | L95: 2026-05-15 19:31 | M95: 2026-07-20 13:38 | N95: 2026-07-20 13:38 | O95: 47 | Q95: https://www.muckrock.com/foi/troy-4012/leadership-and-constituent-emails-211354/ | R95: transparent-nh | S95: Troy | T95: town | U95: Monadnock Regional School District/SAU93 | V95: 4 | X95: =IF(Y95=TRUE,"",IF(ISNUMBER(W95),W95,V95)) | Y95: FALSE
A96: 207030 | B96: Leadership and constituent emails (Belmont Clerk) | C96: Partially Completed | D96: partial | E96: Public | F96: 43740 | G96: Belmont Clerk | H96: Belmont | I96: 23852 | K96: 0 | L96: 2026-03-19 15:33 | M96: 2026-03-23 14:45 | O96: 88 | P96: 86 | Q96: https://www.muckrock.com/foi/belmont-3816/leadership-and-constituent-emails-belmont-clerk-207030/ | R96: transparent-nh, nh-inperson | S96: Belmont | T96: town | U96: Shaker Regional School District/SAU80 | X96: =IF(Y96=TRUE,"",IF(ISNUMBER(W96),W96,V96)) | Y96: FALSE
A97: 207042 | B97: Leadership and constituent emails (Berlin Clerk) | C97: Rejected | D97: rejected | E97: Public | F97: 43743 | G97: Berlin Clerk | H97: Berlin | I97: 23852 | K97: 0 | L97: 2026-03-19 15:33 | M97: 2026-03-24 19:24 | N97: 2026-03-24 19:24 | O97: 4 | Q97: https://www.muckrock.com/foi/berlin-3819/leadership-and-constituent-emails-berlin-clerk-207042/ | R97: transparent-nh | S97: Berlin | T97: town | U97: Berlin School District/SAU 3 | V97: -4 | X97: =IF(Y97=TRUE,"",IF(ISNUMBER(W97),W97,V97)) | Y97: FALSE
A98: 207062 | B98: Leadership and constituent emails (Berlin School District/SAU 3) | C98: Partially Completed | D98: partial | E98: Public | F98: 44976 | G98: Berlin School District/SAU 3 | H98: New Hampshire | I98: 23852 | K98: 0 | L98: 2026-03-19 15:40 | M98: 2026-04-06 16:24 | O98: 88 | P98: 76 | Q98: https://www.muckrock.com/foi/new-hampshire-81/leadership-and-constituent-emails-berlin-school-districtsau-3-207062/ | R98: transparent-nh, nh-inperson, nh-cost | S98: Berlin School District/SAU 3 | T98: district | U98: Berlin | X98: =IF(Y98=TRUE,"",IF(ISNUMBER(W98),W98,V98)) | Y98: FALSE
A99: 207027 | B99: Leadership and constituent emails (Bow Clerk) | C99: Partially Completed | D99: partial | E99: Public | F99: 43753 | G99: Bow Clerk | H99: Bow | I99: 23852 | K99: 0 | L99: 2026-03-19 15:33 | M99: 2026-06-02 17:27 | N99: 2026-03-26 16:57 | O99: 6 | Q99: https://www.muckrock.com/foi/bow-3822/leadership-and-constituent-emails-bow-clerk-207027/ | R99: transparent-nh, nh-inperson | S99: Bow | T99: town | U99: Bow School District/SAU67 | X99: =IF(Y99=TRUE,"",IF(ISNUMBER(W99),W99,V99)) | Y99: FALSE
A100: 207034 | B100: Leadership and constituent emails (City Clerk) | C100: Completed | D100: done | E100: Public | F100: 17084 | G100: City Clerk | H100: Lebanon | I100: 23852 | K100: 25 | L100: 2026-03-19 15:33 | M100: 2026-06-01 20:12 | N100: 2026-06-01 20:12 | O100: 53 | Q100: https://www.muckrock.com/foi/lebanon-3917/leadership-and-constituent-emails-city-clerk-207034/ | R100: transparent-nh, nh-inperson | S100: Lebanon | T100: town | U100: Lebanon School District/SAU88 | V100: 2 | X100: =IF(Y100=TRUE,"",IF(ISNUMBER(W100),W100,V100)) | Y100: FALSE
...

Sheet Entities
A1: Entity | B1: Kind | C1: Counterpart | D1: Request Count | E1: Avg Score | F1: Summary | G1: Agency Response
A2: Belmont | B2: town | C2: Shaker Regional School District/SAU80 | D2: =COUNTIF(Requests!$S$2:$S$281,A2) | E2: =IFERROR(AVERAGEIFS(Requests!$X$2:$X$281,Requests!$S$2:$S$281,A2),"")
A3: Berlin | B3: town | C3: Berlin School District/SAU 3 | D3: =COUNTIF(Requests!$S$2:$S$281,A3) | E3: =IFERROR(AVERAGEIFS(Requests!$X$2:$X$281,Requests!$S$2:$S$281,A3),"")
A4: Bow | B4: town | C4: Bow School District/SAU67 | D4: =COUNTIF(Requests!$S$2:$S$281,A4) | E4: =IFERROR(AVERAGEIFS(Requests!$X$2:$X$281,Requests!$S$2:$S$281,A4),"")
A5: Claremont | B5: town | C5: Claremont School District/SAU6 | D5: =COUNTIF(Requests!$S$2:$S$281,A5) | E5: =IFERROR(AVERAGEIFS(Requests!$X$2:$X$281,Requests!$S$2:$S$281,A5),"")
A6: Concord | B6: town | C6: Concord School District/SAU8 | D6: =COUNTIF(Requests!$S$2:$S$281,A6) | E6: =IFERROR(AVERAGEIFS(Requests!$X$2:$X$281,Requests!$S$2:$S$281,A6),"")
A7: Derry | B7: town | C7: Derry Cooperative School District/SAU10 | D7: =COUNTIF(Requests!$S$2:$S$281,A7) | E7: =IFERROR(AVERAGEIFS(Requests!$X$2:$X$281,Requests!$S$2:$S$281,A7),"")
A8: Dover | B8: town | C8: Dover School District/SAU11 | D8: =COUNTIF(Requests!$S$2:$S$281,A8) | E8: =IFERROR(AVERAGEIFS(Requests!$X$2:$X$281,Requests!$S$2:$S$281,A8),"")
A9: Durham | B9: town | C9: Oyster River Cooperative School District/SAU5 | D9: =COUNTIF(Requests!$S$2:$S$281,A9) | E9: =IFERROR(AVERAGEIFS(Requests!$X$2:$X$281,Requests!$S$2:$S$281,A9),"")
A10: Franklin | B10: town | C10: Franklin School District/SAU18 | D10: =COUNTIF(Requests!$S$2:$S$281,A10) | E10: =IFERROR(AVERAGEIFS(Requests!$X$2:$X$281,Requests!$S$2:$S$281,A10),"")
A11: Gorham | B11: town | C11: Gorham School District/SAU20 | D11: =COUNTIF(Requests!$S$2:$S$281,A11) | E11: =IFERROR(AVERAGEIFS(Requests!$X$2:$X$281,Requests!$S$2:$S$281,A11),"")
A12: Hanover | B12: town | C12: Interstate School District/SAU70 | D12: =COUNTIF(Requests!$S$2:$S$281,A12) | E12: =IFERROR(AVERAGEIFS(Requests!$X$2:$X$281,Requests!$S$2:$S$281,A12),"")
A13: Hopkinton | B13: town | C13: Hopkinton School District/SAU66 | D13: =COUNTIF(Requests!$S$2:$S$281,A13) | E13: =IFERROR(AVERAGEIFS(Requests!$X$2:$X$281,Requests!$S$2:$S$281,A13),"")
... A47: Somersworth School District/SAU56 | B47: district | C47: Somersworth | D47: =COUNTIF(Requests!$S$2:$S$281,A47) | E47: =IFERROR(AVERAGEIFS(Requests!$X$2:$X$281,Requests!$S$2:$S$281,A47),"")
